{"cameraMode":{"drawMode":0,"name":"Shaded","section":"Shading Mode"},"sceneLighting":true,"audioPlay":false,"sceneViewState":{"showFog":true,"showMaterialUpdate":false,"showSkybox":true,"showFlares":true,"showImageEffects":true,"showParticleSystems":true},"in2DMode":false,"pivot":{"x":-51.19145965576172,"y":6.5849609375,"z":70.09056091308594},"rotation":{"x":0.5024062991142273,"y":0.49759283661842348,"z":-0.4999850392341614,"w":0.49997544288635256},"size":7.435287952423096,"orthographic":true}