{"cameraMode":{"drawMode":0,"name":"Shaded","section":"Shading Mode"},"sceneLighting":true,"audioPlay":false,"sceneViewState":{"showFog":true,"showMaterialUpdate":false,"showSkybox":true,"showFlares":true,"showImageEffects":true,"showParticleSystems":true},"in2DMode":false,"pivot":{"x":12.625152587890625,"y":13.535508155822754,"z":-8.058002471923829},"rotation":{"x":0.05954194441437721,"y":0.6628836989402771,"z":-0.053017374128103259,"w":0.7444650530815125},"size":21.094575881958009,"orthographic":false}